"OBJECT_ID","KODE_DESA","DESA","KODE","PROVINSI","KAB_KOTA","KECAMATAN","DESA_KELUR","JUMLAH_PEN","Nama_provinsi","nama_kota","nama_kecamatan","nama_kelurahan","POSITIF","Meninggal","Month","Year","Month_Year","geometry"
25477,"3173031006","KEAGUNGAN",317303,"DKI JAKARTA","JAKARTA BARAT","TAMAN SARI","KEAGUNGAN",21609,"DKI JAKARTA","JAKARTA BARAT","TAMAN SARI","KEAGUNGAN",1211,13,"Oct","2021","Oct_2021",c(-3627128.97677243, 692083.510311368)
25478,"3173031007","GLODOK",317303,"DKI JAKARTA","JAKARTA BARAT","TAMAN SARI","GLODOK",9069,"DKI JAKARTA","JAKARTA BARAT","TAMAN SARI","GLODOK",806,18,"Oct","2021","Oct_2021",c(-3627326.75158001, 692881.097037157)
25397,"3171031003","HARAPAN MULIA",317103,"DKI JAKARTA","JAKARTA PUSAT","KEMAYORAN","HARAPAN MULIA",29085,"DKI JAKARTA","JAKARTA PUSAT","KEMAYORAN","HARAPAN MULIA",1946,40,"Oct","2021","Oct_2021",c(-3621508.54617087, 689924.954624286)
25400,"3171031006","CEMPAKA BARU",317103,"DKI JAKARTA","JAKARTA PUSAT","KEMAYORAN","CEMPAKA BARU",41913,"DKI JAKARTA","JAKARTA PUSAT","KEMAYORAN","CEMPAKA BARU",3020,66,"Oct","2021","Oct_2021",c(-3620624.2519965, 690303.155736008)
25390,"3171021001","PASAR BARU",317102,"DKI JAKARTA","JAKARTA PUSAT","SAWAH BESAR","PASAR BARU",15793,"DKI JAKARTA","JAKARTA PUSAT","SAWAH BESAR","PASAR BARU",1646,25,"Oct","2021","Oct_2021",c(-3624360.52626085, 690316.267361694)
25391,"3171021002","KARANG ANYAR",317102,"DKI JAKARTA","JAKARTA PUSAT","SAWAH BESAR","KARANG ANYAR",33383,"DKI JAKARTA","JAKARTA PUSAT","SAWAH BESAR","KARANG ANYAR",1916,37,"Oct","2021","Oct_2021",c(-3625164.36177694, 691811.902461816)
25394,"3171021005","MANGGA DUA SELATAN",317102,"DKI JAKARTA","JAKARTA PUSAT","SAWAH BESAR","MANGGA DUA SELATAN",35906,"DKI JAKARTA","JAKARTA PUSAT","SAWAH BESAR","MANGGA DUA SELATAN",1937,36,"Oct","2021","Oct_2021",c(-3625381.12250126, 693399.807302115)
25386,"3171011003","PETOJO UTARA",317101,"DKI JAKARTA","JAKARTA PUSAT","GAMBIR","PETOJO UTARA",21828,"DKI JAKARTA","JAKARTA PUSAT","GAMBIR","PETOJO UTARA",1434,24,"Oct","2021","Oct_2021",c(-3626870.14933294, 690234.073520433)
25403,"3171041001","SENEN",317104,"DKI JAKARTA","JAKARTA PUSAT","SENEN","SENEN",8643,"DKI JAKARTA","JAKARTA PUSAT","SENEN","SENEN",982,16,"Oct","2021","Oct_2021",c(-3623604.00594103, 689027.027917683)
25408,"3171041006","BUNGUR",317104,"DKI JAKARTA","JAKARTA PUSAT","SENEN","BUNGUR",23001,"DKI JAKARTA","JAKARTA PUSAT","SENEN","BUNGUR",1436,26,"Oct","2021","Oct_2021",c(-3622556.55494593, 689713.104506081)
25409,"3171051001","CEMPAKA PUTIH TIMUR",317105,"DKI JAKARTA","JAKARTA PUSAT","CEMPAKA PUTIH","CEMPAKA PUTIH TIMUR",29735,"DKI JAKARTA","JAKARTA PUSAT","CEMPAKA PUTIH","CEMPAKA PUTIH TIMUR",3093,54,"Oct","2021","Oct_2021",c(-3619380.27971028, 689350.556963218)
25411,"3171051003","RAWASARI",317105,"DKI JAKARTA","JAKARTA PUSAT","CEMPAKA PUTIH","RAWASARI",27113,"DKI JAKARTA","JAKARTA PUSAT","CEMPAKA PUTIH","RAWASARI",3282,38,"Oct","2021","Oct_2021",c(-3619999.92862503, 687407.743529129)
25412,"3171061001","MENTENG",317106,"DKI JAKARTA","JAKARTA PUSAT","MENTENG","MENTENG",31780,"DKI JAKARTA","JAKARTA PUSAT","MENTENG","MENTENG",2085,33,"Oct","2021","Oct_2021",c(-3624107.80894266, 685749.889324811)
25414,"3171061003","CIKINI",317106,"DKI JAKARTA","JAKARTA PUSAT","MENTENG","CIKINI",10410,"DKI JAKARTA","JAKARTA PUSAT","MENTENG","CIKINI",710,14,"Oct","2021","Oct_2021",c(-3623458.15643402, 687022.26517255)
25420,"3171071004","PETAMBURAN",317107,"DKI JAKARTA","JAKARTA PUSAT","TANAH ABANG","PETAMBURAN",43497,"DKI JAKARTA","JAKARTA PUSAT","TANAH ABANG","PETAMBURAN",2405,53,"Oct","2021","Oct_2021",c(-3627805.24248617, 686021.136061544)
25421,"3171071005","KEBON MELATI",317107,"DKI JAKARTA","JAKARTA PUSAT","TANAH ABANG","KEBON MELATI",41344,"DKI JAKARTA","JAKARTA PUSAT","TANAH ABANG","KEBON MELATI",1959,41,"Oct","2021","Oct_2021",c(-3626484.59961128, 686082.963573559)
25425,"3171081002","KAMPUNG RAWA",317108,"DKI JAKARTA","JAKARTA PUSAT","JOHAR BARU","KAMPUNG RAWA",27348,"DKI JAKARTA","JAKARTA PUSAT","JOHAR BARU","KAMPUNG RAWA",1474,29,"Oct","2021","Oct_2021",c(-3621453.79698963, 688731.941155962)
25441,"3172031002","TUGU UTARA",317203,"DKI JAKARTA","JAKARTA UTARA","KOJA","TUGU UTARA",86287,"DKI JAKARTA","JAKARTA UTARA","KOJA","TUGU UTARA",4398,93,"Oct","2021","Oct_2021",c(-3614564.60065251, 696477.844290155)
25429,"3172011002","KAMAL MUARA",317201,"DKI JAKARTA","JAKARTA UTARA","PENJARINGAN","KAMAL MUARA",15051,"DKI JAKARTA","JAKARTA UTARA","PENJARINGAN","KAMAL MUARA",951,9,"Oct","2021","Oct_2021",c(-3637793.48908033, 696690.390396001)
25432,"3172011005","PLUIT",317201,"DKI JAKARTA","JAKARTA UTARA","PENJARINGAN","PLUIT",55885,"DKI JAKARTA","JAKARTA UTARA","PENJARINGAN","PLUIT",4132,46,"Oct","2021","Oct_2021",c(-3631077.3412653, 696794.471525907)
25442,"3172031003","LAGOA",317203,"DKI JAKARTA","JAKARTA UTARA","KOJA","LAGOA",74851,"DKI JAKARTA","JAKARTA UTARA","KOJA","LAGOA",3664,83,"Oct","2021","Oct_2021",c(-3614846.94765461, 697817.448307228)
25435,"3172021003","PAPANGGO",317202,"DKI JAKARTA","JAKARTA UTARA","TANJUNG PRIOK","PAPANGGO",49062,"DKI JAKARTA","JAKARTA UTARA","TANJUNG PRIOK","PAPANGGO",2257,37,"Oct","2021","Oct_2021",c(-3619873.2032023, 695492.73252877)
25436,"3172021004","SUNGAI BAMBU",317202,"DKI JAKARTA","JAKARTA UTARA","TANJUNG PRIOK","SUNGAI BAMBU",37423,"DKI JAKARTA","JAKARTA UTARA","TANJUNG PRIOK","SUNGAI BAMBU",2168,26,"Oct","2021","Oct_2021",c(-3617910.52131475, 695403.99304723)
25437,"3172021005","KEBON BAWANG",317202,"DKI JAKARTA","JAKARTA UTARA","TANJUNG PRIOK","KEBON BAWANG",64447,"DKI JAKARTA","JAKARTA UTARA","TANJUNG PRIOK","KEBON BAWANG",3950,58,"Oct","2021","Oct_2021",c(-3617627.20158777, 696905.563639)
25439,"3172021007","WARAKAS",317202,"DKI JAKARTA","JAKARTA UTARA","TANJUNG PRIOK","WARAKAS",56502,"DKI JAKARTA","JAKARTA UTARA","TANJUNG PRIOK","WARAKAS",2985,44,"Oct","2021","Oct_2021",c(-3619071.79389162, 696496.13448659)
25440,"3172031001","KOJA",317203,"DKI JAKARTA","JAKARTA UTARA","KOJA","KOJA",35891,"DKI JAKARTA","JAKARTA UTARA","KOJA","KOJA",2039,38,"Oct","2021","Oct_2021",c(-3616434.14871998, 698784.518752064)
25444,"3172031005","TUGU SELATAN",317203,"DKI JAKARTA","JAKARTA UTARA","KOJA","TUGU SELATAN",49037,"DKI JAKARTA","JAKARTA UTARA","KOJA","TUGU SELATAN",2362,38,"Oct","2021","Oct_2021",c(-3614699.62327256, 695008.736968204)
25445,"3172031006","RAWA BADAK SELATAN",317203,"DKI JAKARTA","JAKARTA UTARA","KOJA","RAWA BADAK SELATAN",53360,"DKI JAKARTA","JAKARTA UTARA","KOJA","RAWA BADAK SELATAN",2484,43,"Oct","2021","Oct_2021",c(-3616241.43288636, 695413.658967899)
25446,"3172041001","CILINCING",317204,"DKI JAKARTA","JAKARTA UTARA","CILINCING","CILINCING",55102,"DKI JAKARTA","JAKARTA UTARA","CILINCING","CILINCING",2545,55,"Oct","2021","Oct_2021",c(-3610392.30130617, 698457.236121289)
25471,"3173021007","WIJAYA KUSUMA",317302,"DKI JAKARTA","JAKARTA BARAT","GROGOL PETAMBURAN","WIJAYA KUSUMA",48348,"DKI JAKARTA","JAKARTA BARAT","GROGOL PETAMBURAN","WIJAYA KUSUMA",2865,48,"Oct","2021","Oct_2021",c(-3632135.92815614, 691251.182735168)
25449,"3172041004","KALIBARU",317204,"DKI JAKARTA","JAKARTA UTARA","CILINCING","KALIBARU",86964,"DKI JAKARTA","JAKARTA UTARA","CILINCING","KALI BARU",1747,48,"Oct","2021","Oct_2021",c(-3613661.40933822, 699342.463636949)
25451,"3172041006","ROROTAN",317204,"DKI JAKARTA","JAKARTA UTARA","CILINCING","ROROTAN",50167,"DKI JAKARTA","JAKARTA UTARA","CILINCING","ROROTAN",2381,39,"Oct","2021","Oct_2021",c(-3608662.36069622, 694208.374397813)
25452,"3172041007","SEMPER BARAT",317204,"DKI JAKARTA","JAKARTA UTARA","CILINCING","SEMPER BARAT",86583,"DKI JAKARTA","JAKARTA UTARA","CILINCING","SEMPER BARAT",4357,82,"Oct","2021","Oct_2021",c(-3612974.26065135, 696374.583358736)
25453,"3172051001","PADEMANGAN TIMUR",317205,"DKI JAKARTA","JAKARTA UTARA","PADEMANGAN","PADEMANGAN TIMUR",45083,"DKI JAKARTA","JAKARTA UTARA","PADEMANGAN","PADEMANGAN TIMUR",5896,59,"Oct","2021","Oct_2021",c(-3622872.27799835, 693768.530617738)
25454,"3172051002","PADEMANGAN BARAT",317205,"DKI JAKARTA","JAKARTA UTARA","PADEMANGAN","PADEMANGAN BARAT",93530,"DKI JAKARTA","JAKARTA UTARA","PADEMANGAN","PADEMANGAN BARAT",4968,77,"Oct","2021","Oct_2021",c(-3624323.99035664, 694417.570465512)
25455,"3172051003","ANCOL",317205,"DKI JAKARTA","JAKARTA UTARA","PADEMANGAN","ANCOL",29886,"DKI JAKARTA","JAKARTA UTARA","PADEMANGAN","ANCOL",1929,27,"Oct","2021","Oct_2021",c(-3624818.70495604, 695764.330800849)
25456,"3172061001","KELAPA GADING TIMUR",317206,"DKI JAKARTA","JAKARTA UTARA","KELAPA GADING","KELAPA GADING TIMUR",40012,"DKI JAKARTA","JAKARTA UTARA","KELAPA GADING","KELAPA GADING TIMUR",4087,63,"Oct","2021","Oct_2021",c(-3615277.46603988, 690636.11244186)
25459,"3173011001","CENGKARENG BARAT",317301,"DKI JAKARTA","JAKARTA BARAT","CENGKARENG","CENGKARENG BARAT",80638,"DKI JAKARTA","JAKARTA BARAT","CENGKARENG","CENGKARENG BARAT",5593,104,"Oct","2021","Oct_2021",c(-3639046.06813889, 692984.113831655)
25476,"3173031005","MANGGA BESAR",317303,"DKI JAKARTA","JAKARTA BARAT","TAMAN SARI","MANGGA BESAR",9198,"DKI JAKARTA","JAKARTA BARAT","TAMAN SARI","MANGGA BESAR",832,14,"Oct","2021","Oct_2021",c(-3626664.21580529, 692955.032839618)
25463,"3173011005","KAPUK",317301,"DKI JAKARTA","JAKARTA BARAT","CENGKARENG","KAPUK",167523,"DKI JAKARTA","JAKARTA BARAT","CENGKARENG","KAPUK",6515,169,"Oct","2021","Oct_2021",c(-3635388.41376386, 692698.72744195)
25464,"3173011006","CENGKARENG TIMUR",317301,"DKI JAKARTA","JAKARTA BARAT","CENGKARENG","CENGKARENG TIMUR",100081,"DKI JAKARTA","JAKARTA BARAT","CENGKARENG","CENGKARENG TIMUR",6009,108,"Oct","2021","Oct_2021",c(-3637655.82598925, 692662.371763791)
25466,"3173021002","TANJUNG DUREN UTARA",317302,"DKI JAKARTA","JAKARTA BARAT","GROGOL PETAMBURAN","TANJUNG DUREN UTARA",20603,"DKI JAKARTA","JAKARTA BARAT","GROGOL PETAMBURAN","TANJUNG DUREN UTARA",2021,33,"Oct","2021","Oct_2021",c(-3631009.8448921, 688955.7409577)
25468,"3173021004","JELAMBAR",317302,"DKI JAKARTA","JAKARTA BARAT","GROGOL PETAMBURAN","JELAMBAR",36680,"DKI JAKARTA","JAKARTA BARAT","GROGOL PETAMBURAN","JELAMBAR",3358,53,"Oct","2021","Oct_2021",c(-3630812.57867007, 690790.760551461)
25484,"3173041005","KRENDANG",317304,"DKI JAKARTA","JAKARTA BARAT","TAMBORA","KRENDANG",25192,"DKI JAKARTA","JAKARTA BARAT","TAMBORA","KERENDANG",1182,20,"Oct","2021","Oct_2021",c(-3628488.82265994, 692107.030153182)
25492,"3173051002","SUKABUMI UTARA",317305,"DKI JAKARTA","JAKARTA BARAT","KEBON JERUK","SUKABUMI UTARA",47398,"DKI JAKARTA","JAKARTA BARAT","KEBON JERUK","SUKABUMI UTARA",2848,45,"Oct","2021","Oct_2021",c(-3631407.18621463, 684157.406294638)
25493,"3173051003","SUKABUMI SELATAN",317305,"DKI JAKARTA","JAKARTA BARAT","KEBON JERUK","SUKABUMI SELATAN",46386,"DKI JAKARTA","JAKARTA BARAT","KEBON JERUK","SUKABUMI SELATAN",2147,33,"Oct","2021","Oct_2021",c(-3632043.10610316, 682589.622640359)
25494,"3173051004","KELAPA DUA",317305,"DKI JAKARTA","JAKARTA BARAT","KEBON JERUK","KELAPA DUA",28843,"DKI JAKARTA","JAKARTA BARAT","KEBON JERUK","KELAPA DUA",2199,34,"Oct","2021","Oct_2021",c(-3632593.76612903, 684007.956664201)
25495,"3173051005","DURI KEPA",317305,"DKI JAKARTA","JAKARTA BARAT","KEBON JERUK","DURI KEPA",72834,"DKI JAKARTA","JAKARTA BARAT","KEBON JERUK","DURI KEPA",4196,72,"Oct","2021","Oct_2021",c(-3632206.94132238, 688468.614512418)
25496,"3173051006","KEDOYA UTARA",317305,"DKI JAKARTA","JAKARTA BARAT","KEBON JERUK","KEDOYA UTARA",55356,"DKI JAKARTA","JAKARTA BARAT","KEBON JERUK","KEDOYA UTARA",3118,51,"Oct","2021","Oct_2021",c(-3633936.69316112, 689354.11419208)
25497,"3173051007","KEDOYA SELATAN",317305,"DKI JAKARTA","JAKARTA BARAT","KEBON JERUK","KEDOYA SELATAN",39331,"DKI JAKARTA","JAKARTA BARAT","KEBON JERUK","KEDOYA SELATAN",2448,52,"Oct","2021","Oct_2021",c(-3633948.8511238, 687565.706798666)
25502,"3173061005","PEGADUNGAN",317306,"DKI JAKARTA","JAKARTA BARAT","KALIDERES","PEGADUNGAN",89881,"DKI JAKARTA","JAKARTA BARAT","KALI DERES","PEGADUNGAN",4450,59,"Oct","2021","Oct_2021",c(-3641859.40866034, 693386.461358568)
25503,"3173071001","PALMERAH",317307,"DKI JAKARTA","JAKARTA BARAT","PAL MERAH","PALMERAH",77404,"DKI JAKARTA","JAKARTA BARAT","PALMERAH","PALMERAH",5472,120,"Oct","2021","Oct_2021",c(-3629930.72738034, 685325.839478009)
25508,"3173071006","KOTA BAMBU SELATAN",317307,"DKI JAKARTA","JAKARTA BARAT","PAL MERAH","KOTA BAMBU SELATAN",26713,"DKI JAKARTA","JAKARTA BARAT","PALMERAH","KOTA BAMBU SELATAN",1759,35,"Oct","2021","Oct_2021",c(-3628231.96396414, 687245.807617208)
25596,"3175031004","RAWA BUNGA",317503,"DKI JAKARTA","JAKARTA TIMUR","JATINEGARA","RAWA BUNGA",26604,"DKI JAKARTA","JAKARTA TIMUR","JATINEGARA","RAWA BUNGA",1330,16,"Oct","2021","Oct_2021",c(-3618980.95206938, 683526.969765867)
25509,"3173081001","KEMBANGAN UTARA",317308,"DKI JAKARTA","JAKARTA BARAT","KEMBANGAN","KEMBANGAN UTARA",66547,"DKI JAKARTA","JAKARTA BARAT","KEMBANGAN","KEMBANGAN UTARA",3602,64,"Oct","2021","Oct_2021",c(-3636339.954742, 688664.043926495)
25510,"3173081002","MERUYA UTARA",317308,"DKI JAKARTA","JAKARTA BARAT","KEMBANGAN","MERUYA UTARA",53207,"DKI JAKARTA","JAKARTA BARAT","KEMBANGAN","MERUYA UTARA",3781,59,"Oct","2021","Oct_2021",c(-3636648.11908334, 685392.573721702)
25512,"3173081004","SRENGSENG",317308,"DKI JAKARTA","JAKARTA BARAT","KEMBANGAN","SRENGSENG",54909,"DKI JAKARTA","JAKARTA BARAT","KEMBANGAN","SRENGSENG",3824,66,"Oct","2021","Oct_2021",c(-3634329.47410269, 684172.041372524)
25518,"3174011004","KEBON BARU",317401,"DKI JAKARTA","JAKARTA SELATAN","TEBET","KEBON BARU",43498,"DKI JAKARTA","JAKARTA SELATAN","TEBET","KEBON BARU",2676,57,"Oct","2021","Oct_2021",c(-3620179.57832158, 681706.593817433)
25520,"3174011006","MANGGARAI SELATAN",317401,"DKI JAKARTA","JAKARTA SELATAN","TEBET","MANGGARAI SELATAN",28306,"DKI JAKARTA","JAKARTA SELATAN","TEBET","MANGGARAI SELATAN",1977,40,"Oct","2021","Oct_2021",c(-3622016.34327947, 683384.844951489)
25522,"3174021001","SETIA BUDI",317402,"DKI JAKARTA","JAKARTA SELATAN","SETIABUDI","SETIA BUDI",3632,"DKI JAKARTA","JAKARTA SELATAN","SETIA BUDI","SETIA BUDI",645,7,"Oct","2021","Oct_2021",c(-3625099.42830483, 684816.694310245)
25523,"3174021002","KARET SEMANGGI",317402,"DKI JAKARTA","JAKARTA SELATAN","SETIABUDI","KARET SEMANGGI",3275,"DKI JAKARTA","JAKARTA SELATAN","SETIA BUDI","KARET SEMANGGI",412,6,"Oct","2021","Oct_2021",c(-3626004.50155834, 682780.229141707)
25524,"3174021003","KARET KUNINGAN",317402,"DKI JAKARTA","JAKARTA SELATAN","SETIABUDI","KARET KUNINGAN",19490,"DKI JAKARTA","JAKARTA SELATAN","SETIA BUDI","KARET KUNINGAN",2989,44,"Oct","2021","Oct_2021",c(-3624691.77551674, 683150.065577883)
25526,"3174021005","MENTENG ATAS",317402,"DKI JAKARTA","JAKARTA SELATAN","SETIABUDI","MENTENG ATAS",34110,"DKI JAKARTA","JAKARTA SELATAN","SETIA BUDI","MENTENG ATAS",2590,50,"Oct","2021","Oct_2021",c(-3623280.91622409, 683695.293383507)
25527,"3174021006","PASAR MANGGIS",317402,"DKI JAKARTA","JAKARTA SELATAN","SETIABUDI","PASAR MANGGIS",32972,"DKI JAKARTA","JAKARTA SELATAN","SETIA BUDI","PASAR MANGGIS",2023,49,"Oct","2021","Oct_2021",c(-3623007.0752385, 684567.336681459)
25528,"3174021007","GUNTUR",317402,"DKI JAKARTA","JAKARTA SELATAN","SETIABUDI","GUNTUR",4780,"DKI JAKARTA","JAKARTA SELATAN","SETIA BUDI","GUNTUR",454,7,"Oct","2021","Oct_2021",c(-3624140.76309545, 684917.941135195)
25529,"3174021008","KUNINGAN TIMUR",317402,"DKI JAKARTA","JAKARTA SELATAN","SETIABUDI","KUNINGAN TIMUR",7309,"DKI JAKARTA","JAKARTA SELATAN","SETIA BUDI","KUNINGAN TIMUR",1829,8,"Oct","2021","Oct_2021",c(-3624410.56903321, 681701.905683994)
25530,"3174031001","MAMPANG PRAPATAN",317403,"DKI JAKARTA","JAKARTA SELATAN","MAMPANG PRAPATAN","MAMPANG PRAPATAN",22650,"DKI JAKARTA","JAKARTA SELATAN","MAMPANG PRAPATAN","MAMPANG PRAPATAN",2147,33,"Oct","2021","Oct_2021",c(-3624392.20206247, 680228.898054919)
25531,"3174031002","BANGKA",317403,"DKI JAKARTA","JAKARTA SELATAN","MAMPANG PRAPATAN","BANGKA",26261,"DKI JAKARTA","JAKARTA SELATAN","MAMPANG PRAPATAN","BANGKA",1936,28,"Oct","2021","Oct_2021",c(-3625592.76849579, 677456.781184746)
25538,"3174041004","RAGUNAN",317404,"DKI JAKARTA","JAKARTA SELATAN","PASAR MINGGU","RAGUNAN",48260,"DKI JAKARTA","JAKARTA SELATAN","PASAR MINGGU","RAGUNAN",3770,73,"Oct","2021","Oct_2021",c(-3624866.00625721, 672855.104169925)
25539,"3174041005","PEJATEN TIMUR",317404,"DKI JAKARTA","JAKARTA SELATAN","PASAR MINGGU","PEJATEN TIMUR",71144,"DKI JAKARTA","JAKARTA SELATAN","PASAR MINGGU","PEJATEN TIMUR",3773,93,"Oct","2021","Oct_2021",c(-3621487.80076633, 675540.658917735)
25540,"3174041006","PEJATEN BARAT",317404,"DKI JAKARTA","JAKARTA SELATAN","PASAR MINGGU","PEJATEN BARAT",45297,"DKI JAKARTA","JAKARTA SELATAN","PASAR MINGGU","PEJATEN BARAT",3449,54,"Oct","2021","Oct_2021",c(-3623278.93818393, 676331.148659027)
25541,"3174041007","KEBAGUSAN",317404,"DKI JAKARTA","JAKARTA SELATAN","PASAR MINGGU","KEBAGUSAN",54249,"DKI JAKARTA","JAKARTA SELATAN","PASAR MINGGU","KEBAGUSAN",3554,64,"Oct","2021","Oct_2021",c(-3623493.76016544, 671480.645395562)
25542,"3174051001","KEBAYORAN LAMA UTARA",317405,"DKI JAKARTA","JAKARTA SELATAN","KEBAYORAN LAMA","KEBAYORAN LAMA UTARA",52421,"DKI JAKARTA","JAKARTA SELATAN","KEBAYORAN LAMA","KEBAYORAN LAMA UTARA",2993,54,"Oct","2021","Oct_2021",c(-3631034.96644953, 679385.688878538)
25544,"3174051003","CIPULIR",317405,"DKI JAKARTA","JAKARTA SELATAN","KEBAYORAN LAMA","CIPULIR",48638,"DKI JAKARTA","JAKARTA SELATAN","KEBAYORAN LAMA","CIPULIR",2718,54,"Oct","2021","Oct_2021",c(-3631758.04512263, 680323.964204929)
25546,"3174051005","GROGOL SELATAN",317405,"DKI JAKARTA","JAKARTA SELATAN","KEBAYORAN LAMA","GROGOL SELATAN",54015,"DKI JAKARTA","JAKARTA SELATAN","KEBAYORAN LAMA","GROGOL SELATAN",2991,50,"Oct","2021","Oct_2021",c(-3630797.57514975, 681553.403261631)
25558,"3174071006","SENAYAN",317407,"DKI JAKARTA","JAKARTA SELATAN","KEBAYORAN BARU","SENAYAN",3408,"DKI JAKARTA","JAKARTA SELATAN","KEBAYORAN BARU","SENAYAN",947,2,"Oct","2021","Oct_2021",c(-3626953.11508544, 682143.892698464)
25550,"3174061003","PONDOK LABU",317406,"DKI JAKARTA","JAKARTA SELATAN","CILANDAK","PONDOK LABU",55767,"DKI JAKARTA","JAKARTA SELATAN","CILANDAK","PONDOK LABU",3839,60,"Oct","2021","Oct_2021",c(-3627943.26037237, 671219.551780789)
25551,"3174061004","GANDARIA SELATAN",317406,"DKI JAKARTA","JAKARTA SELATAN","CILANDAK","GANDARIA SELATAN",26710,"DKI JAKARTA","JAKARTA SELATAN","CILANDAK","GANDARIA SELATAN",2045,32,"Oct","2021","Oct_2021",c(-3628822.10583361, 676202.210437319)
25552,"3174061005","CIPETE SELATAN",317406,"DKI JAKARTA","JAKARTA SELATAN","CILANDAK","CIPETE SELATAN",32280,"DKI JAKARTA","JAKARTA SELATAN","CILANDAK","CIPETE SELATAN",2425,48,"Oct","2021","Oct_2021",c(-3627231.40886833, 676076.709624012)
25559,"3174071007","PULO",317407,"DKI JAKARTA","JAKARTA SELATAN","KEBAYORAN BARU","PULO",6776,"DKI JAKARTA","JAKARTA SELATAN","KEBAYORAN BARU","PULO",722,10,"Oct","2021","Oct_2021",c(-3627820.06463122, 678600.916235578)
25561,"3174071009","GANDARIA UTARA",317407,"DKI JAKARTA","JAKARTA SELATAN","KEBAYORAN BARU","GANDARIA UTARA",48110,"DKI JAKARTA","JAKARTA SELATAN","KEBAYORAN BARU","GANDARIA UTARA",3411,53,"Oct","2021","Oct_2021",c(-3629203.91414301, 677899.893465128)
25578,"3174101004","PETUKANGAN SELATAN",317410,"DKI JAKARTA","JAKARTA SELATAN","PESANGGRAHAN","PETUKANGAN SELATAN",45231,"DKI JAKARTA","JAKARTA SELATAN","PESANGGRAHAN","PETUKANGAN SELATAN",2842,34,"Oct","2021","Oct_2021",c(-3634221.37593489, 679464.572156184)
25564,"3174081002","KALIBATA",317408,"DKI JAKARTA","JAKARTA SELATAN","PANCORAN","KALIBATA",51670,"DKI JAKARTA","JAKARTA SELATAN","PANCORAN","KALIBATA",4024,77,"Oct","2021","Oct_2021",c(-3623044.41978136, 677611.951642645)
25565,"3174081003","RAWAJATI",317408,"DKI JAKARTA","JAKARTA SELATAN","PANCORAN","RAWAJATI",24671,"DKI JAKARTA","JAKARTA SELATAN","PANCORAN","RAWA JATI",2468,30,"Oct","2021","Oct_2021",c(-3620863.64009191, 678456.934119912)
25572,"3174091004","LENTENG AGUNG",317409,"DKI JAKARTA","JAKARTA SELATAN","JAGAKARSA","LENTENG AGUNG",65606,"DKI JAKARTA","JAKARTA SELATAN","JAGAKARSA","LENTENG AGUNG",4177,65,"Oct","2021","Oct_2021",c(-3622570.75903095, 669449.040919854)
25569,"3174091001","JAGAKARSA",317409,"DKI JAKARTA","JAKARTA SELATAN","JAGAKARSA","JAGAKARSA",75047,"DKI JAKARTA","JAKARTA SELATAN","JAGAKARSA","JAGAKARSA",6607,100,"Oct","2021","Oct_2021",c(-3624882.27631688, 669358.367083694)
25574,"3174091006","CIPEDAK",317409,"DKI JAKARTA","JAKARTA SELATAN","JAGAKARSA","CIPEDAK",45772,"DKI JAKARTA","JAKARTA SELATAN","JAGAKARSA","CIPEDAK",3344,50,"Oct","2021","Oct_2021",c(-3626861.71505986, 665443.305573707)
25576,"3174101002","BINTARO",317410,"DKI JAKARTA","JAKARTA SELATAN","PESANGGRAHAN","BINTARO",63832,"DKI JAKARTA","JAKARTA SELATAN","PESANGGRAHAN","BINTARO",3886,82,"Oct","2021","Oct_2021",c(-3632682.15625199, 676097.054095282)
25580,"3175011001","PISANGAN BARU",317501,"DKI JAKARTA","JAKARTA TIMUR","MATRAMAN","PISANGAN BARU",38845,"DKI JAKARTA","JAKARTA TIMUR","MATRAMAN","PISANGAN BARU",2533,46,"Oct","2021","Oct_2021",c(-3619448.07916988, 684621.294171408)
25584,"3175011005","KEBON MANGGIS",317501,"DKI JAKARTA","JAKARTA TIMUR","MATRAMAN","KEBON MANGGIS",20178,"DKI JAKARTA","JAKARTA TIMUR","MATRAMAN","KEBON MANGGIS",1660,31,"Oct","2021","Oct_2021",c(-3621244.05320978, 685113.778956908)
25585,"3175011006","UTAN KAYU SELATAN",317501,"DKI JAKARTA","JAKARTA TIMUR","MATRAMAN","UTAN KAYU SELATAN",40810,"DKI JAKARTA","JAKARTA TIMUR","MATRAMAN","UTAN KAYU SELATAN",3639,72,"Oct","2021","Oct_2021",c(-3619484.05771282, 685718.553769946)
25589,"3175021004","JATINEGARA KAUM",317502,"DKI JAKARTA","JAKARTA TIMUR","PULOGADUNG","JATINEGARA KAUM",30189,"DKI JAKARTA","JAKARTA TIMUR","PULO GADUNG","JATINEGARA KAUM",1680,36,"Oct","2021","Oct_2021",c(-3615257.24357796, 686162.230725369)
25592,"3175021007","JATI",317502,"DKI JAKARTA","JAKARTA TIMUR","PULOGADUNG","JATI",39694,"DKI JAKARTA","JAKARTA TIMUR","PULO GADUNG","JATI",2890,57,"Oct","2021","Oct_2021",c(-3615903.04430785, 687155.462142834)
25598,"3175031006","CIPINANG MUARA",317503,"DKI JAKARTA","JAKARTA TIMUR","JATINEGARA","CIPINANG MUARA",67965,"DKI JAKARTA","JAKARTA TIMUR","JATINEGARA","CIPINANG MUARA",4869,113,"Oct","2021","Oct_2021",c(-3616648.19301488, 682875.074874785)
25599,"3175031007","CIPINANG BESAR SELATAN",317503,"DKI JAKARTA","JAKARTA TIMUR","JATINEGARA","CIPINANG BESAR SELATAN",43554,"DKI JAKARTA","JAKARTA TIMUR","JATINEGARA","CIPINANG BESAR SELATAN",2590,44,"Oct","2021","Oct_2021",c(-3617713.02985638, 682442.739456431)
25600,"3175031008","CIPINANG BESAR UTARA",317503,"DKI JAKARTA","JAKARTA TIMUR","JATINEGARA","CIPINANG BESAR UTARA",59863,"DKI JAKARTA","JAKARTA TIMUR","JATINEGARA","CIPINANG BESAR UTARA",2781,57,"Oct","2021","Oct_2021",c(-3617968.92772651, 683833.917146097)
25602,"3175041002","TENGAH",317504,"DKI JAKARTA","JAKARTA TIMUR","KRAMATJATI","TENGAH",54617,"DKI JAKARTA","JAKARTA TIMUR","KRAMAT JATI","KAMPUNG TENGAH",3437,74,"Oct","2021","Oct_2021",c(-3619030.55633523, 674430.593176411)
25603,"3175041003","DUKUH",317504,"DKI JAKARTA","JAKARTA TIMUR","KRAMATJATI","DUKUH",30640,"DKI JAKARTA","JAKARTA TIMUR","KRAMAT JATI","DUKUH",2108,37,"Oct","2021","Oct_2021",c(-3617485.21621997, 673690.813614901)
25605,"3175041005","BALEKAMBANG",317504,"DKI JAKARTA","JAKARTA TIMUR","KRAMATJATI","BALEKAMBANG",35376,"DKI JAKARTA","JAKARTA TIMUR","KRAMAT JATI","BALE KAMBANG",2128,34,"Oct","2021","Oct_2021",c(-3620900.74078654, 675367.635325144)
25606,"3175041006","CILILITAN",317504,"DKI JAKARTA","JAKARTA TIMUR","KRAMATJATI","CILILITAN",49559,"DKI JAKARTA","JAKARTA TIMUR","KRAMAT JATI","CILILITAN",3492,70,"Oct","2021","Oct_2021",c(-3619538.3399576, 677949.724163436)
25611,"3175051004","KALISARI",317505,"DKI JAKARTA","JAKARTA TIMUR","PASAR REBO","KALISARI",52424,"DKI JAKARTA","JAKARTA TIMUR","PASAR REBO","KALISARI",4423,89,"Oct","2021","Oct_2021",c(-3620657.41008696, 668113.547664204)
25620,"3175071001","DUREN SAWIT",317507,"DKI JAKARTA","JAKARTA TIMUR","DUREN SAWIT","DUREN SAWIT",74118,"DKI JAKARTA","JAKARTA TIMUR","DUREN SAWIT","DUREN SAWIT",5432,108,"Oct","2021","Oct_2021",c(-3612952.22836562, 682169.799353002)
25622,"3175071003","KLENDER",317507,"DKI JAKARTA","JAKARTA TIMUR","DUREN SAWIT","KLENDER",86925,"DKI JAKARTA","JAKARTA TIMUR","DUREN SAWIT","KLENDER",4572,107,"Oct","2021","Oct_2021",c(-3614233.95551198, 684093.524264998)
25626,"3175071007","PONDOK KOPI",317507,"DKI JAKARTA","JAKARTA TIMUR","DUREN SAWIT","PONDOK KOPI",43303,"DKI JAKARTA","JAKARTA TIMUR","DUREN SAWIT","PONDOK KOPI",2540,63,"Oct","2021","Oct_2021",c(-3609651.03582896, 683461.889583399)
25628,"3175081002","PINANGRANTI",317508,"DKI JAKARTA","JAKARTA TIMUR","MAKASAR","PINANGRANTI",33350,"DKI JAKARTA","JAKARTA TIMUR","MAKASAR","PINANG RANTI",2349,40,"Oct","2021","Oct_2021",c(-3616621.00951066, 674413.494454042)
25629,"3175081003","KEBON PALA",317508,"DKI JAKARTA","JAKARTA TIMUR","MAKASAR","KEBON PALA",57830,"DKI JAKARTA","JAKARTA TIMUR","MAKASAR","KEBON PALA",3968,73,"Oct","2021","Oct_2021",c(-3617852.2848425, 678926.359976394)
25632,"3175091001","CIRACAS",317509,"DKI JAKARTA","JAKARTA TIMUR","CIRACAS","CIRACAS",78952,"DKI JAKARTA","JAKARTA TIMUR","CIRACAS","CIRACAS",5781,113,"Oct","2021","Oct_2021",c(-3617381.79939022, 669768.975293676)
25637,"3175101001","CIPAYUNG",317510,"DKI JAKARTA","JAKARTA TIMUR","CIPAYUNG","CIPAYUNG",31625,"DKI JAKARTA","JAKARTA TIMUR","CIPAYUNG","CIPAYUNG",3568,39,"Oct","2021","Oct_2021",c(-3615066.35507354, 669380.359357097)
25395,"3171031001","KEMAYORAN",317103,"DKI JAKARTA","JAKARTA PUSAT","KEMAYORAN","KEMAYORAN",26177,"DKI JAKARTA","JAKARTA PUSAT","KEMAYORAN","KEMAYORAN",2633,42,"Oct","2021","Oct_2021",c(-3622932.02890974, 690590.445045825)
25402,"3171031008","UTAN PANJANG",317103,"DKI JAKARTA","JAKARTA PUSAT","KEMAYORAN","UTAN PANJANG",37531,"DKI JAKARTA","JAKARTA PUSAT","KEMAYORAN","UTAN PANJANG",1966,36,"Oct","2021","Oct_2021",c(-3621756.03928446, 690586.253266454)
25587,"3175021002","PISANGAN TIMUR",317502,"DKI JAKARTA","JAKARTA TIMUR","PULOGADUNG","PISANGAN TIMUR",50332,"DKI JAKARTA","JAKARTA TIMUR","PULO GADUNG","PISANGAN TIMUR",3355,48,"Oct","2021","Oct_2021",c(-3617988.55588974, 685152.141674308)
25443,"3172031004","RAWA BADAK UTARA",317203,"DKI JAKARTA","JAKARTA UTARA","KOJA","RAWA BADAK UTARA",43557,"DKI JAKARTA","JAKARTA UTARA","KOJA","RAWA BADAK UTARA",2247,42,"Oct","2021","Oct_2021",c(-3616463.31069423, 696961.768030683)
25469,"3173021005","TANJUNG DUREN SELATAN",317302,"DKI JAKARTA","JAKARTA BARAT","GROGOL PETAMBURAN","TANJUNG DUREN SELATAN",30306,"DKI JAKARTA","JAKARTA BARAT","GROGOL PETAMBURAN","TANJUNG DUREN SELATAN",2798,47,"Oct","2021","Oct_2021",c(-3630261.26022772, 688141.768976666)
25470,"3173021006","JELAMBAR BARU",317302,"DKI JAKARTA","JAKARTA BARAT","GROGOL PETAMBURAN","JELAMBAR BARU",46743,"DKI JAKARTA","JAKARTA BARAT","GROGOL PETAMBURAN","JELAMBAR BARU",3224,40,"Oct","2021","Oct_2021",c(-3630710.69481707, 692134.062642173)
25396,"3171031002","KEBON KOSONG",317103,"DKI JAKARTA","JAKARTA PUSAT","KEMAYORAN","KEBON KOSONG",37472,"DKI JAKARTA","JAKARTA PUSAT","KEMAYORAN","KEBON KOSONG",3216,50,"Oct","2021","Oct_2021",c(-3621913.7315699, 691534.679080854)
25398,"3171031004","SERDANG",317103,"DKI JAKARTA","JAKARTA PUSAT","KEMAYORAN","SERDANG",37782,"DKI JAKARTA","JAKARTA PUSAT","KEMAYORAN","SERDANG",2825,59,"Oct","2021","Oct_2021",c(-3620922.24784386, 691489.052939449)
25399,"3171031005","GUNUNG SAHARI SELATAN",317103,"DKI JAKARTA","JAKARTA PUSAT","KEMAYORAN","GUNUNG SAHARI SELATAN",24164,"DKI JAKARTA","JAKARTA PUSAT","KEMAYORAN","GUNUNG SAHARI SELATAN",1974,35,"Oct","2021","Oct_2021",c(-3623163.21842577, 691209.257507179)
25401,"3171031007","SUMUR BATU",317103,"DKI JAKARTA","JAKARTA PUSAT","KEMAYORAN","SUMUR BATU",28834,"DKI JAKARTA","JAKARTA PUSAT","KEMAYORAN","SUMUR BATU",2343,44,"Oct","2021","Oct_2021",c(-3619580.17639735, 690981.160532467)
25388,"3171011005","KEBON KELAPA",317101,"DKI JAKARTA","JAKARTA PUSAT","GAMBIR","KEBON KELAPA",12858,"DKI JAKARTA","JAKARTA PUSAT","GAMBIR","KEBON KELAPA",978,12,"Oct","2021","Oct_2021",c(-3625668.08289307, 690474.32722151)
25389,"3171011006","DURI PULO",317101,"DKI JAKARTA","JAKARTA PUSAT","GAMBIR","DURI PULO",25256,"DKI JAKARTA","JAKARTA PUSAT","GAMBIR","DURI PULO",1459,29,"Oct","2021","Oct_2021",c(-3628292.14901187, 690394.28172707)
25392,"3171021003","KARTINI",317102,"DKI JAKARTA","JAKARTA PUSAT","SAWAH BESAR","KARTINI",28269,"DKI JAKARTA","JAKARTA PUSAT","SAWAH BESAR","KARTINI",1902,36,"Oct","2021","Oct_2021",c(-3624668.59705507, 692009.899966273)
25393,"3171021004","GUNUNG SAHARI UTARA",317102,"DKI JAKARTA","JAKARTA PUSAT","SAWAH BESAR","GUNUNG SAHARI UTARA",20677,"DKI JAKARTA","JAKARTA PUSAT","SAWAH BESAR","GUNUNG SAHARI UTARA",1746,38,"Oct","2021","Oct_2021",c(-3623983.97497684, 692534.94997876)
25384,"3171011001","GAMBIR",317101,"DKI JAKARTA","JAKARTA PUSAT","GAMBIR","GAMBIR",3088,"DKI JAKARTA","JAKARTA PUSAT","GAMBIR","GAMBIR",1233,13,"Oct","2021","Oct_2021",c(-3625273.64267305, 688893.393372337)
25385,"3171011002","CIDENG",317101,"DKI JAKARTA","JAKARTA PUSAT","GAMBIR","CIDENG",19216,"DKI JAKARTA","JAKARTA PUSAT","GAMBIR","CIDENG",1754,31,"Oct","2021","Oct_2021",c(-3627715.01004427, 689170.556097667)
25387,"3171011004","PETOJO SELATAN",317101,"DKI JAKARTA","JAKARTA PUSAT","GAMBIR","PETOJO SELATAN",18388,"DKI JAKARTA","JAKARTA PUSAT","GAMBIR","PETOJO SELATAN",1684,25,"Oct","2021","Oct_2021",c(-3626639.25352773, 689010.510386682)
25404,"3171041002","KENARI",317104,"DKI JAKARTA","JAKARTA PUSAT","SENEN","KENARI",11582,"DKI JAKARTA","JAKARTA PUSAT","SENEN","KENARI",1166,20,"Oct","2021","Oct_2021",c(-3622508.19261795, 686832.540875752)
25405,"3171041003","PASEBAN",317104,"DKI JAKARTA","JAKARTA PUSAT","SENEN","PASEBAN",29659,"DKI JAKARTA","JAKARTA PUSAT","SENEN","PASEBAN",2561,37,"Oct","2021","Oct_2021",c(-3621731.59996146, 686900.703938872)
25406,"3171041004","KRAMAT",317104,"DKI JAKARTA","JAKARTA PUSAT","SENEN","KRAMAT",36350,"DKI JAKARTA","JAKARTA PUSAT","SENEN","KRAMAT",2006,45,"Oct","2021","Oct_2021",c(-3622643.57234296, 688148.137041721)
25407,"3171041005","KWITANG",317104,"DKI JAKARTA","JAKARTA PUSAT","SENEN","KWITANG",19303,"DKI JAKARTA","JAKARTA PUSAT","SENEN","KWITANG",1222,24,"Oct","2021","Oct_2021",c(-3623441.65663941, 688129.88443887)
25410,"3171051002","CEMPAKA PUTIH BARAT",317105,"DKI JAKARTA","JAKARTA PUSAT","CEMPAKA PUTIH","CEMPAKA PUTIH BARAT",44664,"DKI JAKARTA","JAKARTA PUSAT","CEMPAKA PUTIH","CEMPAKA PUTIH BARAT",4113,75,"Oct","2021","Oct_2021",c(-3620379.52025296, 688764.9283457)
25413,"3171061002","PEGANGSAAN",317106,"DKI JAKARTA","JAKARTA PUSAT","MENTENG","PEGANGSAAN",29254,"DKI JAKARTA","JAKARTA PUSAT","MENTENG","PEGANGSAAN",1972,49,"Oct","2021","Oct_2021",c(-3622232.67586128, 685730.064292003)
25415,"3171061004","GONDANGDIA",317106,"DKI JAKARTA","JAKARTA PUSAT","MENTENG","GONDANGDIA",4956,"DKI JAKARTA","JAKARTA PUSAT","MENTENG","GONDANGDIA",670,8,"Oct","2021","Oct_2021",c(-3624768.62387311, 686899.597497892)
25416,"3171061005","KEBON SIRIH",317106,"DKI JAKARTA","JAKARTA PUSAT","MENTENG","KEBON SIRIH",15702,"DKI JAKARTA","JAKARTA PUSAT","MENTENG","KEBON SIRIH",988,15,"Oct","2021","Oct_2021",c(-3624710.54750152, 687782.965220466)
25417,"3171071001","GELORA",317107,"DKI JAKARTA","JAKARTA PUSAT","TANAH ABANG","GELORA",4002,"DKI JAKARTA","JAKARTA PUSAT","TANAH ABANG","GELORA",520,7,"Oct","2021","Oct_2021",c(-3628211.8484747, 683440.860215232)
25418,"3171071002","BENDUNGAN HILIR",317107,"DKI JAKARTA","JAKARTA PUSAT","TANAH ABANG","BENDUNGAN HILIR",27144,"DKI JAKARTA","JAKARTA PUSAT","TANAH ABANG","BENDUNGAN HILIR",2079,40,"Oct","2021","Oct_2021",c(-3627296.91648169, 684514.55547501)
25419,"3171071003","KARET TENGSIN",317107,"DKI JAKARTA","JAKARTA PUSAT","TANAH ABANG","KARET TENGSIN",24318,"DKI JAKARTA","JAKARTA PUSAT","TANAH ABANG","KARET TENGSIN",1686,24,"Oct","2021","Oct_2021",c(-3626326.31394771, 684784.737498216)
25422,"3171071006","KEBON KACANG",317107,"DKI JAKARTA","JAKARTA PUSAT","TANAH ABANG","KEBON KACANG",27319,"DKI JAKARTA","JAKARTA PUSAT","TANAH ABANG","KEBON KACANG",1641,41,"Oct","2021","Oct_2021",c(-3626408.73937283, 686981.760967494)
25423,"3171071007","KAMPUNG BALI",317107,"DKI JAKARTA","JAKARTA PUSAT","TANAH ABANG","KAMPUNG BALI",14889,"DKI JAKARTA","JAKARTA PUSAT","TANAH ABANG","KAMPUNG BALI",730,17,"Oct","2021","Oct_2021",c(-3626617.13091308, 687641.70852446)
25424,"3171081001","JOHAR BARU",317108,"DKI JAKARTA","JAKARTA PUSAT","JOHAR BARU","JOHAR BARU",46777,"DKI JAKARTA","JAKARTA PUSAT","JOHAR BARU","JOHAR BARU",3988,64,"Oct","2021","Oct_2021",c(-3621219.49690167, 687949.092953721)
25426,"3171081003","GALUR",317108,"DKI JAKARTA","JAKARTA PUSAT","JOHAR BARU","GALUR",23288,"DKI JAKARTA","JAKARTA PUSAT","JOHAR BARU","GALUR",1113,22,"Oct","2021","Oct_2021",c(-3621531.27008991, 689167.693260615)
25427,"3171081004","TANAH TINGGI",317108,"DKI JAKARTA","JAKARTA PUSAT","JOHAR BARU","TANAH TINGGI",48219,"DKI JAKARTA","JAKARTA PUSAT","JOHAR BARU","TANAH TINGGI",2097,42,"Oct","2021","Oct_2021",c(-3622298.57948464, 688728.539841034)
25428,"3172011001","PENJARINGAN",317201,"DKI JAKARTA","JAKARTA UTARA","PENJARINGAN","PENJARINGAN",109567,"DKI JAKARTA","JAKARTA UTARA","PENJARINGAN","PENJARINGAN",4706,67,"Oct","2021","Oct_2021",c(-3629252.41991255, 695768.719460956)
25430,"3172011003","KAPUK MUARA",317201,"DKI JAKARTA","JAKARTA UTARA","PENJARINGAN","KAPUK MUARA",43025,"DKI JAKARTA","JAKARTA UTARA","PENJARINGAN","KAPUK MUARA",2782,28,"Oct","2021","Oct_2021",c(-3634070.29254901, 695392.958806262)
25431,"3172011004","PEJAGALAN",317201,"DKI JAKARTA","JAKARTA UTARA","PENJARINGAN","PEJAGALAN",90327,"DKI JAKARTA","JAKARTA UTARA","PENJARINGAN","PEJAGALAN",6027,79,"Oct","2021","Oct_2021",c(-3631131.42234807, 693824.94717711)
25433,"3172021001","TANJUNG PRIOK",317202,"DKI JAKARTA","JAKARTA UTARA","TANJUNG PRIOK","TANJUNG PRIOK",43623,"DKI JAKARTA","JAKARTA UTARA","TANJUNG PRIOK","TANJUNG PRIOK",2461,48,"Oct","2021","Oct_2021",c(-3618991.7948972, 698176.730459215)
25434,"3172021002","SUNTER JAYA",317202,"DKI JAKARTA","JAKARTA UTARA","TANJUNG PRIOK","SUNTER JAYA",77553,"DKI JAKARTA","JAKARTA UTARA","TANJUNG PRIOK","SUNTER JAYA",6072,101,"Oct","2021","Oct_2021",c(-3618939.36558202, 692623.210838156)
25438,"3172021006","SUNTER AGUNG",317202,"DKI JAKARTA","JAKARTA UTARA","TANJUNG PRIOK","SUNTER AGUNG",87165,"DKI JAKARTA","JAKARTA UTARA","TANJUNG PRIOK","SUNTER AGUNG",5826,111,"Oct","2021","Oct_2021",c(-3620982.43723611, 694235.221171031)
25447,"3172041002","SUKAPURA",317204,"DKI JAKARTA","JAKARTA UTARA","CILINCING","SUKAPURA",69673,"DKI JAKARTA","JAKARTA UTARA","CILINCING","SUKAPURA",2852,50,"Oct","2021","Oct_2021",c(-3612278.24350855, 693510.688891572)
25448,"3172041003","MARUNDA",317204,"DKI JAKARTA","JAKARTA UTARA","CILINCING","MARUNDA",35650,"DKI JAKARTA","JAKARTA UTARA","CILINCING","MARUNDA",1196,20,"Oct","2021","Oct_2021",c(-3608300.91811473, 698452.733991959)
25450,"3172041005","SEMPER TIMUR",317204,"DKI JAKARTA","JAKARTA UTARA","CILINCING","SEMPER TIMUR",44903,"DKI JAKARTA","JAKARTA UTARA","CILINCING","SEMPER TIMUR",2302,46,"Oct","2021","Oct_2021",c(-3611881.92051454, 697185.790471558)
25472,"3173031001","TAMAN SARI",317303,"DKI JAKARTA","JAKARTA BARAT","TAMAN SARI","TAMAN SARI",17509,"DKI JAKARTA","JAKARTA BARAT","TAMAN SARI","TAMAN SARI",1402,22,"Oct","2021","Oct_2021",c(-3625782.34729317, 691943.765089181)
25473,"3173031002","KRUKUT",317303,"DKI JAKARTA","JAKARTA BARAT","TAMAN SARI","KRUKUT",23821,"DKI JAKARTA","JAKARTA BARAT","TAMAN SARI","KRUKUT",1261,16,"Oct","2021","Oct_2021",c(-3627021.22397455, 691299.037544747)
25457,"3172061002","PEGANGSAAN DUA",317206,"DKI JAKARTA","JAKARTA UTARA","KELAPA GADING","PEGANGSAAN DUA",59468,"DKI JAKARTA","JAKARTA UTARA","KELAPA GADING","PEGANGSAAN DUA",4429,69,"Oct","2021","Oct_2021",c(-3613861.19156365, 691290.859578031)
25458,"3172061003","KELAPA GADING BARAT",317206,"DKI JAKARTA","JAKARTA UTARA","KELAPA GADING","KELAPA GADING BARAT",42264,"DKI JAKARTA","JAKARTA UTARA","KELAPA GADING","KELAPA GADING BARAT",4093,60,"Oct","2021","Oct_2021",c(-3616483.46758051, 692309.677323108)
25460,"3173011002","DURI KOSAMBI",317301,"DKI JAKARTA","JAKARTA BARAT","CENGKARENG","DURI KOSAMBI",94759,"DKI JAKARTA","JAKARTA BARAT","CENGKARENG","DURI KOSAMBI",4790,78,"Oct","2021","Oct_2021",c(-3639466.32362407, 688543.037631116)
25461,"3173011003","RAWA BUAYA",317301,"DKI JAKARTA","JAKARTA BARAT","CENGKARENG","RAWA BUAYA",78405,"DKI JAKARTA","JAKARTA BARAT","CENGKARENG","RAWA BUAYA",3521,62,"Oct","2021","Oct_2021",c(-3637231.97863525, 689840.907641887)
25462,"3173011004","KEDAUNG KALI ANGKE",317301,"DKI JAKARTA","JAKARTA BARAT","CENGKARENG","KEDAUNG KALI ANGKE",40666,"DKI JAKARTA","JAKARTA BARAT","CENGKARENG","KEDAUNG KALI ANGKE",2146,36,"Oct","2021","Oct_2021",c(-3634384.83396878, 691358.812164866)
25474,"3173031003","MAPHAR",317303,"DKI JAKARTA","JAKARTA BARAT","TAMAN SARI","MAPHAR",19914,"DKI JAKARTA","JAKARTA BARAT","TAMAN SARI","MAPHAR",1283,28,"Oct","2021","Oct_2021",c(-3626117.34010956, 691477.85373241)
25475,"3173031004","TANGKI",317303,"DKI JAKARTA","JAKARTA BARAT","TAMAN SARI","TANGKI",15992,"DKI JAKARTA","JAKARTA BARAT","TAMAN SARI","TANGKI",1150,19,"Oct","2021","Oct_2021",c(-3626018.88982047, 692811.767621848)
25465,"3173021001","GROGOL",317302,"DKI JAKARTA","JAKARTA BARAT","GROGOL PETAMBURAN","GROGOL",20792,"DKI JAKARTA","JAKARTA BARAT","GROGOL PETAMBURAN","GROGOL",2312,41,"Oct","2021","Oct_2021",c(-3629671.09423955, 690513.123289874)
25467,"3173021003","TOMANG",317302,"DKI JAKARTA","JAKARTA BARAT","GROGOL PETAMBURAN","TOMANG",36093,"DKI JAKARTA","JAKARTA BARAT","GROGOL PETAMBURAN","TOMANG",2479,36,"Oct","2021","Oct_2021",c(-3629300.96759042, 689211.340506467)
25479,"3173031008","PINANGSIA",317303,"DKI JAKARTA","JAKARTA BARAT","TAMAN SARI","PINANGSIA",13136,"DKI JAKARTA","JAKARTA BARAT","TAMAN SARI","PINANGSIA",802,10,"Oct","2021","Oct_2021",c(-3627055.86808274, 693939.608650366)
25480,"3173041001","TAMBORA",317304,"DKI JAKARTA","JAKARTA BARAT","TAMBORA","TAMBORA",12805,"DKI JAKARTA","JAKARTA BARAT","TAMBORA","TAMBORA",789,21,"Oct","2021","Oct_2021",c(-3627900.63935345, 692888.82767327)
25481,"3173041002","KALI ANYAR",317304,"DKI JAKARTA","JAKARTA BARAT","TAMBORA","KALI ANYAR",30229,"DKI JAKARTA","JAKARTA BARAT","TAMBORA","KALI ANYAR",1171,24,"Oct","2021","Oct_2021",c(-3629069.69088022, 691091.899369767)
25482,"3173041003","DURI UTARA",317304,"DKI JAKARTA","JAKARTA BARAT","TAMBORA","DURI UTARA",24495,"DKI JAKARTA","JAKARTA BARAT","TAMBORA","DURI UTARA",1287,24,"Oct","2021","Oct_2021",c(-3628325.0392816, 691584.951960668)
25483,"3173041004","TANAH SEREAL",317304,"DKI JAKARTA","JAKARTA BARAT","TAMBORA","TANAH SEREAL",32249,"DKI JAKARTA","JAKARTA BARAT","TAMBORA","TANAH SEREAL",1955,23,"Oct","2021","Oct_2021",c(-3627712.63275038, 691728.642294404)
25485,"3173041006","JEMBATAN BESI",317304,"DKI JAKARTA","JAKARTA BARAT","TAMBORA","JEMBATAN BESI",37262,"DKI JAKARTA","JAKARTA BARAT","TAMBORA","JEMBATAN BESI",1557,27,"Oct","2021","Oct_2021",c(-3629291.53393064, 691839.085492824)
25486,"3173041007","ANGKE",317304,"DKI JAKARTA","JAKARTA BARAT","TAMBORA","ANGKE",36428,"DKI JAKARTA","JAKARTA BARAT","TAMBORA","ANGKE",1836,34,"Oct","2021","Oct_2021",c(-3629611.53453812, 692650.579490636)
25487,"3173041008","JEMBATAN LIMA",317304,"DKI JAKARTA","JAKARTA BARAT","TAMBORA","JEMBATAN LIMA",25893,"DKI JAKARTA","JAKARTA BARAT","TAMBORA","JEMBATAN LIMA",1364,20,"Oct","2021","Oct_2021",c(-3628567.8887416, 692800.308551779)
25488,"3173041009","PEKOJAN",317304,"DKI JAKARTA","JAKARTA BARAT","TAMBORA","PEKOJAN",28357,"DKI JAKARTA","JAKARTA BARAT","TAMBORA","PEKOJAN",1811,33,"Oct","2021","Oct_2021",c(-3628597.08743591, 693797.491050577)
25489,"3173041010","ROA MALAKA",317304,"DKI JAKARTA","JAKARTA BARAT","TAMBORA","ROA MALAKA",4003,"DKI JAKARTA","JAKARTA BARAT","TAMBORA","ROA MALAKA",277,8,"Oct","2021","Oct_2021",c(-3627893.24677827, 693977.860943399)
25490,"3173041011","DURI SELATAN",317304,"DKI JAKARTA","JAKARTA BARAT","TAMBORA","DURI SELATAN",17493,"DKI JAKARTA","JAKARTA BARAT","TAMBORA","DURI SELATAN",865,18,"Oct","2021","Oct_2021",c(-3628275.10413934, 690968.198149184)
25588,"3175021003","CIPINANG",317502,"DKI JAKARTA","JAKARTA TIMUR","PULOGADUNG","CIPINANG",48703,"DKI JAKARTA","JAKARTA TIMUR","PULO GADUNG","CIPINANG",3599,76,"Oct","2021","Oct_2021",c(-3616539.09653907, 685389.390322031)
25491,"3173051001","KEBON JERUK",317305,"DKI JAKARTA","JAKARTA BARAT","KEBON JERUK","KEBON JERUK",65682,"DKI JAKARTA","JAKARTA BARAT","KEBON JERUK","KEBON JERUK",5091,87,"Oct","2021","Oct_2021",c(-3632241.04158133, 685923.882227825)
25498,"3173061001","KALIDERES",317306,"DKI JAKARTA","JAKARTA BARAT","KALIDERES","KALIDERES",88802,"DKI JAKARTA","JAKARTA BARAT","KALI DERES","KALIDERES",4741,84,"Oct","2021","Oct_2021",c(-3642139.52674725, 691091.585000431)
25499,"3173061002","SEMANAN",317306,"DKI JAKARTA","JAKARTA BARAT","KALIDERES","SEMANAN",88097,"DKI JAKARTA","JAKARTA BARAT","KALI DERES","SEMANAN",2642,54,"Oct","2021","Oct_2021",c(-3641614.06701735, 689138.07429271)
25500,"3173061003","TEGAL ALUR",317306,"DKI JAKARTA","JAKARTA BARAT","KALIDERES","TEGAL ALUR",103199,"DKI JAKARTA","JAKARTA BARAT","KALI DERES","TEGAL ALUR",4535,80,"Oct","2021","Oct_2021",c(-3640931.68473656, 695725.609785959)
25501,"3173061004","KAMAL",317306,"DKI JAKARTA","JAKARTA BARAT","KALIDERES","KAMAL",65858,"DKI JAKARTA","JAKARTA BARAT","KALI DERES","KAMAL",1615,39,"Oct","2021","Oct_2021",c(-3642599.38593536, 697562.508561284)
25504,"3173071002","SLIPI",317307,"DKI JAKARTA","JAKARTA BARAT","PAL MERAH","SLIPI",20457,"DKI JAKARTA","JAKARTA BARAT","PALMERAH","SLIPI",2147,30,"Oct","2021","Oct_2021",c(-3628432.87721673, 686351.431840908)
25505,"3173071003","KOTA BAMBU UTARA",317307,"DKI JAKARTA","JAKARTA BARAT","PAL MERAH","KOTA BAMBU UTARA",31468,"DKI JAKARTA","JAKARTA BARAT","PALMERAH","KOTA BAMBU UTARA",1635,34,"Oct","2021","Oct_2021",c(-3628225.71211478, 687748.164485112)
25506,"3173071004","JATIPULO",317307,"DKI JAKARTA","JAKARTA BARAT","PAL MERAH","JATIPULO",35771,"DKI JAKARTA","JAKARTA BARAT","PALMERAH","JATI PULO",1769,49,"Oct","2021","Oct_2021",c(-3628285.27809858, 688374.141386887)
25507,"3173071005","KEMANGGISAN",317307,"DKI JAKARTA","JAKARTA BARAT","PAL MERAH","KEMANGGISAN",39419,"DKI JAKARTA","JAKARTA BARAT","PALMERAH","KEMANGGISAN",3034,61,"Oct","2021","Oct_2021",c(-3629778.08210031, 686802.513364267)
25511,"3173081003","MERUYA SELATAN",317308,"DKI JAKARTA","JAKARTA BARAT","KEMBANGAN","MERUYA SELATAN",39306,"DKI JAKARTA","JAKARTA BARAT","KEMBANGAN","MERUYA SELATAN",3150,46,"Oct","2021","Oct_2021",c(-3637175.62643086, 683728.939591959)
25516,"3174011002","TEBET BARAT",317401,"DKI JAKARTA","JAKARTA SELATAN","TEBET","TEBET BARAT",25585,"DKI JAKARTA","JAKARTA SELATAN","TEBET","TEBET BARAT",2948,38,"Oct","2021","Oct_2021",c(-3621826.77032064, 681426.180803376)
25513,"3173081005","JOGLO",317308,"DKI JAKARTA","JAKARTA BARAT","KEMBANGAN","JOGLO",49663,"DKI JAKARTA","JAKARTA BARAT","KEMBANGAN","JOGLO",3566,41,"Oct","2021","Oct_2021",c(-3636423.61359277, 682492.874552257)
25514,"3173081006","KEMBANGAN SELATAN",317308,"DKI JAKARTA","JAKARTA BARAT","KEMBANGAN","KEMBANGAN SELATAN",32372,"DKI JAKARTA","JAKARTA BARAT","KEMBANGAN","KEMBANGAN SELATAN",2295,26,"Oct","2021","Oct_2021",c(-3636633.76228047, 686813.779816716)
25515,"3174011001","TEBET TIMUR",317401,"DKI JAKARTA","JAKARTA SELATAN","TEBET","TEBET TIMUR",21645,"DKI JAKARTA","JAKARTA SELATAN","TEBET","TEBET TIMUR",2054,35,"Oct","2021","Oct_2021",c(-3620981.86606101, 681637.319967696)
25597,"3175031005","CIPINANG CEMPEDAK",317503,"DKI JAKARTA","JAKARTA TIMUR","JATINEGARA","CIPINANG CEMPEDAK",39817,"DKI JAKARTA","JAKARTA TIMUR","JATINEGARA","CIPINANG CEMPEDAK",2588,54,"Oct","2021","Oct_2021",c(-3618585.52768678, 681395.062203538)
25517,"3174011003","MENTENG DALAM",317401,"DKI JAKARTA","JAKARTA SELATAN","TEBET","MENTENG DALAM",44673,"DKI JAKARTA","JAKARTA SELATAN","TEBET","MENTENG DALAM",3090,51,"Oct","2021","Oct_2021",c(-3622887.08767542, 681828.065382008)
25519,"3174011005","BUKIT DURI",317401,"DKI JAKARTA","JAKARTA SELATAN","TEBET","BUKIT DURI",42224,"DKI JAKARTA","JAKARTA SELATAN","TEBET","BUKIT DURI",2385,32,"Oct","2021","Oct_2021",c(-3620745.26178213, 683296.264035765)
25521,"3174011007","MANGGARAI",317401,"DKI JAKARTA","JAKARTA SELATAN","TEBET","MANGGARAI",35357,"DKI JAKARTA","JAKARTA SELATAN","TEBET","MANGGARAI",1802,25,"Oct","2021","Oct_2021",c(-3621741.69291849, 684254.149168983)
25525,"3174021004","KARET",317402,"DKI JAKARTA","JAKARTA SELATAN","SETIABUDI","KARET",11747,"DKI JAKARTA","JAKARTA SELATAN","SETIA BUDI","KARET",1030,11,"Oct","2021","Oct_2021",c(-3624927.69695126, 684012.263360662)
25536,"3174041002","JATI PADANG",317404,"DKI JAKARTA","JAKARTA SELATAN","PASAR MINGGU","JATI PADANG",45928,"DKI JAKARTA","JAKARTA SELATAN","PASAR MINGGU","JATI PADANG",3422,59,"Oct","2021","Oct_2021",c(-3623651.68988874, 674228.80958622)
25532,"3174031003","PELA MAMPANG",317403,"DKI JAKARTA","JAKARTA SELATAN","MAMPANG PRAPATAN","PELA MAMPANG",53495,"DKI JAKARTA","JAKARTA SELATAN","MAMPANG PRAPATAN","PELA MAMPANG",3965,66,"Oct","2021","Oct_2021",c(-3625844.94096881, 679374.305021589)
25533,"3174031004","TEGAL PARANG",317403,"DKI JAKARTA","JAKARTA SELATAN","MAMPANG PRAPATAN","TEGAL PARANG",39961,"DKI JAKARTA","JAKARTA SELATAN","MAMPANG PRAPATAN","TEGAL PARANG",2460,43,"Oct","2021","Oct_2021",c(-3624277.38188864, 679437.492667318)
25534,"3174031005","KUNINGAN BARAT",317403,"DKI JAKARTA","JAKARTA SELATAN","MAMPANG PRAPATAN","KUNINGAN BARAT",15788,"DKI JAKARTA","JAKARTA SELATAN","MAMPANG PRAPATAN","KUNINGAN BARAT",990,9,"Oct","2021","Oct_2021",c(-3625325.37296814, 681051.684206955)
25535,"3174041001","PASAR MINGGU",317404,"DKI JAKARTA","JAKARTA SELATAN","PASAR MINGGU","PASAR MINGGU",30208,"DKI JAKARTA","JAKARTA SELATAN","PASAR MINGGU","PASAR MINGGU",2923,51,"Oct","2021","Oct_2021",c(-3622537.55351106, 674171.752323637)
25537,"3174041003","CILANDAK TIMUR",317404,"DKI JAKARTA","JAKARTA SELATAN","PASAR MINGGU","CILANDAK TIMUR",31320,"DKI JAKARTA","JAKARTA SELATAN","PASAR MINGGU","CILANDAK TIMUR",2888,31,"Oct","2021","Oct_2021",c(-3626051.48156557, 673738.292133483)
25543,"3174051002","PONDOK PINANG",317405,"DKI JAKARTA","JAKARTA SELATAN","KEBAYORAN LAMA","PONDOK PINANG",67733,"DKI JAKARTA","JAKARTA SELATAN","KEBAYORAN LAMA","PONDOK PINANG",4769,74,"Oct","2021","Oct_2021",c(-3630621.94548175, 675392.336662334)
25545,"3174051004","GROGOL UTARA",317405,"DKI JAKARTA","JAKARTA SELATAN","KEBAYORAN LAMA","GROGOL UTARA",52471,"DKI JAKARTA","JAKARTA SELATAN","KEBAYORAN LAMA","GROGOL UTARA",3036,59,"Oct","2021","Oct_2021",c(-3630085.88131596, 683186.166934941)
25547,"3174051006","KEBAYORAN LAMA SELATAN",317405,"DKI JAKARTA","JAKARTA SELATAN","KEBAYORAN LAMA","KEBAYORAN LAMA SELATAN",50130,"DKI JAKARTA","JAKARTA SELATAN","KEBAYORAN LAMA","KEBAYORAN LAMA SELATAN",3513,71,"Oct","2021","Oct_2021",c(-3630803.96718555, 678257.360879963)
25548,"3174061001","CILANDAK BARAT",317406,"DKI JAKARTA","JAKARTA SELATAN","CILANDAK","CILANDAK BARAT",62119,"DKI JAKARTA","JAKARTA SELATAN","CILANDAK","CILANDAK BARAT",5388,67,"Oct","2021","Oct_2021",c(-3628102.83758622, 673679.56658002)
25549,"3174061002","LEBAK BULUS",317406,"DKI JAKARTA","JAKARTA SELATAN","CILANDAK","LEBAK BULUS",44645,"DKI JAKARTA","JAKARTA SELATAN","CILANDAK","LEBAK BULUS",3955,54,"Oct","2021","Oct_2021",c(-3630379.23788434, 672102.786204075)
25553,"3174071001","MELAWAI",317407,"DKI JAKARTA","JAKARTA SELATAN","KEBAYORAN BARU","MELAWAI",3173,"DKI JAKARTA","JAKARTA SELATAN","KEBAYORAN BARU","MELAWAI",462,5,"Oct","2021","Oct_2021",c(-3627848.76710628, 679609.965618826)
25554,"3174071002","GUNUNG",317407,"DKI JAKARTA","JAKARTA SELATAN","KEBAYORAN BARU","GUNUNG",11180,"DKI JAKARTA","JAKARTA SELATAN","KEBAYORAN BARU","GUNUNG",2357,25,"Oct","2021","Oct_2021",c(-3629178.33209804, 680784.65761961)
25555,"3174071003","KRAMAT PELA",317407,"DKI JAKARTA","JAKARTA SELATAN","KEBAYORAN BARU","KRAMAT PELA",17564,"DKI JAKARTA","JAKARTA SELATAN","KEBAYORAN BARU","KRAMAT PELA",1067,10,"Oct","2021","Oct_2021",c(-3629141.41580799, 679625.988056651)
25556,"3174071004","SELONG",317407,"DKI JAKARTA","JAKARTA SELATAN","KEBAYORAN BARU","SELONG",3381,"DKI JAKARTA","JAKARTA SELATAN","KEBAYORAN BARU","SELONG",398,6,"Oct","2021","Oct_2021",c(-3627646.42931882, 681119.696893338)
25557,"3174071005","RAWA BARAT",317407,"DKI JAKARTA","JAKARTA SELATAN","KEBAYORAN BARU","RAWA BARAT",6646,"DKI JAKARTA","JAKARTA SELATAN","KEBAYORAN BARU","RAWA BARAT",596,8,"Oct","2021","Oct_2021",c(-3626506.56273443, 680918.164469838)
25560,"3174071008","PETOGOGAN",317407,"DKI JAKARTA","JAKARTA SELATAN","KEBAYORAN BARU","PETOGOGAN",14002,"DKI JAKARTA","JAKARTA SELATAN","KEBAYORAN BARU","PETOGOGAN",1077,15,"Oct","2021","Oct_2021",c(-3626698.98794886, 680006.454341493)
25562,"3174071010","CIPETE UTARA",317407,"DKI JAKARTA","JAKARTA SELATAN","KEBAYORAN BARU","CIPETE UTARA",41755,"DKI JAKARTA","JAKARTA SELATAN","KEBAYORAN BARU","CIPETE UTARA",2814,51,"Oct","2021","Oct_2021",c(-3627412.98863617, 677522.629798976)
25563,"3174081001","PANCORAN",317408,"DKI JAKARTA","JAKARTA SELATAN","PANCORAN","PANCORAN",23908,"DKI JAKARTA","JAKARTA SELATAN","PANCORAN","PANCORAN",2045,32,"Oct","2021","Oct_2021",c(-3622784.29088947, 679711.710601886)
25566,"3174081004","DUREN TIGA",317408,"DKI JAKARTA","JAKARTA SELATAN","PANCORAN","DUREN TIGA",34105,"DKI JAKARTA","JAKARTA SELATAN","PANCORAN","DUREN TIGA",2444,37,"Oct","2021","Oct_2021",c(-3623435.48207712, 678565.062880263)
25567,"3174081005","PENGADEGAN",317408,"DKI JAKARTA","JAKARTA SELATAN","PANCORAN","PENGADEGAN",25641,"DKI JAKARTA","JAKARTA SELATAN","PANCORAN","PENGADEGAN",2189,38,"Oct","2021","Oct_2021",c(-3620859.73066967, 679608.876605396)
25568,"3174081006","CIKOKO",317408,"DKI JAKARTA","JAKARTA SELATAN","PANCORAN","CIKOKO",13083,"DKI JAKARTA","JAKARTA SELATAN","PANCORAN","CIKOKO",1132,13,"Oct","2021","Oct_2021",c(-3621022.11152395, 680160.014998759)
25570,"3174091002","SRENGSENG SAWAH",317409,"DKI JAKARTA","JAKARTA SELATAN","JAGAKARSA","SRENGSENG SAWAH",70377,"DKI JAKARTA","JAKARTA SELATAN","JAGAKARSA","SRENGSENG SAWAH",5185,81,"Oct","2021","Oct_2021",c(-3623977.79586223, 666357.743700919)
25571,"3174091003","CIGANJUR",317409,"DKI JAKARTA","JAKARTA SELATAN","JAGAKARSA","CIGANJUR",46102,"DKI JAKARTA","JAKARTA SELATAN","JAGAKARSA","CIGANJUR",4046,54,"Oct","2021","Oct_2021",c(-3626167.50470532, 667782.427926772)
25573,"3174091005","TANJUNG BARAT",317409,"DKI JAKARTA","JAKARTA SELATAN","JAGAKARSA","TANJUNG BARAT",48232,"DKI JAKARTA","JAKARTA SELATAN","JAGAKARSA","TANJUNG BARAT",3204,56,"Oct","2021","Oct_2021",c(-3621352.94782665, 672017.195706055)
25575,"3174101001","PESANGGRAHAN",317410,"DKI JAKARTA","JAKARTA SELATAN","PESANGGRAHAN","PESANGGRAHAN",33717,"DKI JAKARTA","JAKARTA SELATAN","PESANGGRAHAN","PESANGGRAHAN",2429,34,"Oct","2021","Oct_2021",c(-3633428.61752469, 677816.111312228)
25577,"3174101003","PETUKANGAN UTARA",317410,"DKI JAKARTA","JAKARTA SELATAN","PESANGGRAHAN","PETUKANGAN UTARA",65647,"DKI JAKARTA","JAKARTA SELATAN","PESANGGRAHAN","PETUKANGAN UTARA",3987,47,"Oct","2021","Oct_2021",c(-3634730.02581316, 681265.117253492)
25586,"3175021001","PULO GADUNG",317502,"DKI JAKARTA","JAKARTA TIMUR","PULOGADUNG","PULO GADUNG",42357,"DKI JAKARTA","JAKARTA TIMUR","PULO GADUNG","PULO GADUNG",2609,46,"Oct","2021","Oct_2021",c(-3615760.20618652, 688682.053825879)
25579,"3174101005","ULUJAMI",317410,"DKI JAKARTA","JAKARTA SELATAN","PESANGGRAHAN","ULUJAMI",50117,"DKI JAKARTA","JAKARTA SELATAN","PESANGGRAHAN","ULUJAMI",3210,55,"Oct","2021","Oct_2021",c(-3633056.78265516, 680485.034684352)
25581,"3175011002","UTAN KAYU UTARA",317501,"DKI JAKARTA","JAKARTA TIMUR","MATRAMAN","UTAN KAYU UTARA",34735,"DKI JAKARTA","JAKARTA TIMUR","MATRAMAN","UTAN KAYU UTARA",2311,60,"Oct","2021","Oct_2021",c(-3619675.0777178, 686754.421509339)
25582,"3175011003","KAYU MANIS",317501,"DKI JAKARTA","JAKARTA TIMUR","MATRAMAN","KAYU MANIS",31146,"DKI JAKARTA","JAKARTA TIMUR","MATRAMAN","KAYU MANIS",2384,40,"Oct","2021","Oct_2021",c(-3620383.97068783, 685771.181168155)
25583,"3175011004","PALMERIAM",317501,"DKI JAKARTA","JAKARTA TIMUR","MATRAMAN","PALMERIAM",24456,"DKI JAKARTA","JAKARTA TIMUR","MATRAMAN","PAL MERIAM",1671,30,"Oct","2021","Oct_2021",c(-3620806.19917999, 685629.348378237)
25590,"3175021005","RAWAMANGUN",317502,"DKI JAKARTA","JAKARTA TIMUR","PULOGADUNG","RAWAMANGUN",46034,"DKI JAKARTA","JAKARTA TIMUR","PULO GADUNG","RAWAMANGUN",3638,74,"Oct","2021","Oct_2021",c(-3617801.03236693, 686845.752538963)
25591,"3175021006","KAYU PUTIH",317502,"DKI JAKARTA","JAKARTA TIMUR","PULOGADUNG","KAYU PUTIH",49147,"DKI JAKARTA","JAKARTA TIMUR","PULO GADUNG","KAYU PUTIH",3993,62,"Oct","2021","Oct_2021",c(-3617783.23112567, 689013.046027892)
25593,"3175031001","KAMPUNG MELAYU",317503,"DKI JAKARTA","JAKARTA TIMUR","JATINEGARA","KAMPUNG MELAYU",31954,"DKI JAKARTA","JAKARTA TIMUR","JATINEGARA","KAMPUNG MELAYU",1494,18,"Oct","2021","Oct_2021",c(-3620391.05506903, 683869.263045689)
25594,"3175031002","BIDARA CINA",317503,"DKI JAKARTA","JAKARTA TIMUR","JATINEGARA","BIDARA CINA",45194,"DKI JAKARTA","JAKARTA TIMUR","JATINEGARA","BIDARA CINA",3030,63,"Oct","2021","Oct_2021",c(-3619470.95378101, 681553.17329676)
25595,"3175031003","BALI MESTER",317503,"DKI JAKARTA","JAKARTA TIMUR","JATINEGARA","BALI MESTER",11695,"DKI JAKARTA","JAKARTA TIMUR","JATINEGARA","BALI MESTER",864,18,"Oct","2021","Oct_2021",c(-3619691.58677681, 683608.460535759)
25601,"3175041001","KRAMATJATI",317504,"DKI JAKARTA","JAKARTA TIMUR","KRAMATJATI","KRAMATJATI",42031,"DKI JAKARTA","JAKARTA TIMUR","KRAMAT JATI","KRAMAT JATI",3403,68,"Oct","2021","Oct_2021",c(-3618595.69267424, 676501.157723984)
25627,"3175081001","MAKASAR",317508,"DKI JAKARTA","JAKARTA TIMUR","MAKASAR","MAKASAR",42584,"DKI JAKARTA","JAKARTA TIMUR","MAKASAR","MAKASAR",3544,62,"Oct","2021","Oct_2021",c(-3617779.37473134, 676351.017048222)
25604,"3175041004","BATU AMPAR",317504,"DKI JAKARTA","JAKARTA TIMUR","KRAMATJATI","BATU AMPAR",58890,"DKI JAKARTA","JAKARTA TIMUR","KRAMAT JATI","BATU AMPAR",3820,77,"Oct","2021","Oct_2021",c(-3619818.61538259, 675805.538972156)
25607,"3175041007","CAWANG",317504,"DKI JAKARTA","JAKARTA TIMUR","KRAMATJATI","CAWANG",40643,"DKI JAKARTA","JAKARTA TIMUR","KRAMAT JATI","CAWANG",3209,42,"Oct","2021","Oct_2021",c(-3619293.29932094, 679510.037720895)
25608,"3175051001","GEDONG",317505,"DKI JAKARTA","JAKARTA TIMUR","PASAR REBO","GEDONG",44099,"DKI JAKARTA","JAKARTA TIMUR","PASAR REBO","GEDONG",3299,65,"Oct","2021","Oct_2021",c(-3619770.55168176, 672820.143167331)
25609,"3175051002","BARU",317505,"DKI JAKARTA","JAKARTA TIMUR","PASAR REBO","BARU",29389,"DKI JAKARTA","JAKARTA TIMUR","PASAR REBO","BARU",2682,41,"Oct","2021","Oct_2021",c(-3621271.22321904, 669676.863778374)
25610,"3175051003","CIJANTUNG",317505,"DKI JAKARTA","JAKARTA TIMUR","PASAR REBO","CIJANTUNG",50571,"DKI JAKARTA","JAKARTA TIMUR","PASAR REBO","CIJANTUNG",3910,84,"Oct","2021","Oct_2021",c(-3619798.83046626, 670120.227007407)
25612,"3175051005","PEKAYON",317505,"DKI JAKARTA","JAKARTA TIMUR","PASAR REBO","PEKAYON",53410,"DKI JAKARTA","JAKARTA TIMUR","PASAR REBO","PEKAYON",3309,47,"Oct","2021","Oct_2021",c(-3618822.46771553, 667203.7850642)
25613,"3175061001","JATINEGARA",317506,"DKI JAKARTA","JAKARTA TIMUR","CAKUNG","JATINEGARA",105365,"DKI JAKARTA","JAKARTA TIMUR","CAKUNG","JATINEGARA",4144,73,"Oct","2021","Oct_2021",c(-3613331.29623024, 686150.84587196)
25614,"3175061002","RAWA TERATE",317506,"DKI JAKARTA","JAKARTA TIMUR","CAKUNG","RAWA TERATE",31569,"DKI JAKARTA","JAKARTA TIMUR","CAKUNG","RAWA TERATE",1015,20,"Oct","2021","Oct_2021",c(-3612932.48192427, 688691.365038572)
25615,"3175061003","PENGGILINGAN",317506,"DKI JAKARTA","JAKARTA TIMUR","CAKUNG","PENGGILINGAN",120083,"DKI JAKARTA","JAKARTA TIMUR","CAKUNG","PENGGILINGAN",5567,107,"Oct","2021","Oct_2021",c(-3610850.71655849, 686061.715658572)
25616,"3175061004","CAKUNG TIMUR",317506,"DKI JAKARTA","JAKARTA TIMUR","CAKUNG","CAKUNG TIMUR",73270,"DKI JAKARTA","JAKARTA TIMUR","CAKUNG","CAKUNG TIMUR",2892,55,"Oct","2021","Oct_2021",c(-3608502.09666388, 690757.606857141)
25617,"3175061005","PULO GEBANG",317506,"DKI JAKARTA","JAKARTA TIMUR","CAKUNG","PULO GEBANG",117589,"DKI JAKARTA","JAKARTA TIMUR","CAKUNG","PULO GEBANG",5110,103,"Oct","2021","Oct_2021",c(-3608505.49641218, 686316.821823841)
25618,"3175061006","UJUNG MENTENG",317506,"DKI JAKARTA","JAKARTA TIMUR","CAKUNG","UJUNG MENTENG",36390,"DKI JAKARTA","JAKARTA TIMUR","CAKUNG","UJUNG MENTENG",1801,28,"Oct","2021","Oct_2021",c(-3607446.54384874, 688845.838026961)
25619,"3175061007","CAKUNG BARAT",317506,"DKI JAKARTA","JAKARTA TIMUR","CAKUNG","CAKUNG BARAT",72686,"DKI JAKARTA","JAKARTA TIMUR","CAKUNG","CAKUNG BARAT",2105,26,"Oct","2021","Oct_2021",c(-3611162.86023788, 690282.43870773)
25621,"3175071002","PONDOK BAMBU",317507,"DKI JAKARTA","JAKARTA TIMUR","DUREN SAWIT","PONDOK BAMBU",75193,"DKI JAKARTA","JAKARTA TIMUR","DUREN SAWIT","PONDOK BAMBU",5539,108,"Oct","2021","Oct_2021",c(-3614944.36026539, 682009.436255653)
25623,"3175071004","PONDOK KELAPA",317507,"DKI JAKARTA","JAKARTA TIMUR","DUREN SAWIT","PONDOK KELAPA",86731,"DKI JAKARTA","JAKARTA TIMUR","DUREN SAWIT","PONDOK KELAPA",5404,98,"Oct","2021","Oct_2021",c(-3610829.1506864, 681158.0356489)
25624,"3175071005","MALAKA SARI",317507,"DKI JAKARTA","JAKARTA TIMUR","DUREN SAWIT","MALAKA SARI",33599,"DKI JAKARTA","JAKARTA TIMUR","DUREN SAWIT","MALAKA SARI",2864,68,"Oct","2021","Oct_2021",c(-3611537.90029308, 683624.587540896)
25625,"3175071006","MALAKA JAYA",317507,"DKI JAKARTA","JAKARTA TIMUR","DUREN SAWIT","MALAKA JAYA",38024,"DKI JAKARTA","JAKARTA TIMUR","DUREN SAWIT","MALAKA JAYA",3073,59,"Oct","2021","Oct_2021",c(-3610682.98571805, 683671.346849725)
25630,"3175081004","HALIM PERDANA KUSUMA",317508,"DKI JAKARTA","JAKARTA TIMUR","MAKASAR","HALIM PERDANA KUSUMA",35653,"DKI JAKARTA","JAKARTA TIMUR","MAKASAR","HALIM PERDANA KUSUMAH",4187,51,"Oct","2021","Oct_2021",c(-3615748.02514258, 677806.120268164)
25631,"3175081005","CIPINANG MELAYU",317508,"DKI JAKARTA","JAKARTA TIMUR","MAKASAR","CIPINANG MELAYU",52190,"DKI JAKARTA","JAKARTA TIMUR","MAKASAR","CIPINANG MELAYU",3416,70,"Oct","2021","Oct_2021",c(-3614180.78890312, 679984.629463343)
25633,"3175091002","CIBUBUR",317509,"DKI JAKARTA","JAKARTA TIMUR","CIRACAS","CIBUBUR",79968,"DKI JAKARTA","JAKARTA TIMUR","CIRACAS","CIBUBUR",5910,75,"Oct","2021","Oct_2021",c(-3616350.50106478, 665784.923367289)
25634,"3175091003","KELAPA DUA WETAN",317509,"DKI JAKARTA","JAKARTA TIMUR","CIRACAS","KELAPA DUA WETAN",56330,"DKI JAKARTA","JAKARTA TIMUR","CIRACAS","KELAPA DUA WETAN",4492,69,"Oct","2021","Oct_2021",c(-3616392.88478297, 667863.097527848)
25635,"3175091004","SUSUKAN",317509,"DKI JAKARTA","JAKARTA TIMUR","CIRACAS","SUSUKAN",46394,"DKI JAKARTA","JAKARTA TIMUR","CIRACAS","SUSUKAN",3284,69,"Oct","2021","Oct_2021",c(-3618513.34278576, 670978.236903697)
25636,"3175091005","RAMBUTAN",317509,"DKI JAKARTA","JAKARTA TIMUR","CIRACAS","RAMBUTAN",45470,"DKI JAKARTA","JAKARTA TIMUR","CIRACAS","RAMBUTAN",2947,53,"Oct","2021","Oct_2021",c(-3617536.19271162, 672277.396795323)
25638,"3175101002","CILANGKAP",317510,"DKI JAKARTA","JAKARTA TIMUR","CIPAYUNG","CILANGKAP",33198,"DKI JAKARTA","JAKARTA TIMUR","CIPAYUNG","CILANGKAP",3308,31,"Oct","2021","Oct_2021",c(-3613109.59755059, 669127.413442308)
25639,"3175101003","PONDOK RANGGON",317510,"DKI JAKARTA","JAKARTA TIMUR","CIPAYUNG","PONDOK RANGGON",30351,"DKI JAKARTA","JAKARTA TIMUR","CIPAYUNG","PONDOK RANGGON",2774,18,"Oct","2021","Oct_2021",c(-3613016.806862, 666341.491934175)
25640,"3175101004","MUNJUL",317510,"DKI JAKARTA","JAKARTA TIMUR","CIPAYUNG","MUNJUL",28722,"DKI JAKARTA","JAKARTA TIMUR","CIPAYUNG","MUNJUL",2771,36,"Oct","2021","Oct_2021",c(-3614474.71652683, 666830.306726339)
25641,"3175101005","SETU",317510,"DKI JAKARTA","JAKARTA TIMUR","CIPAYUNG","SETU",24722,"DKI JAKARTA","JAKARTA TIMUR","CIPAYUNG","SETU",1966,14,"Oct","2021","Oct_2021",c(-3612628.10614939, 671770.155655528)
25642,"3175101006","BAMBU APUS",317510,"DKI JAKARTA","JAKARTA TIMUR","CIPAYUNG","BAMBU APUS",31774,"DKI JAKARTA","JAKARTA TIMUR","CIPAYUNG","BAMBU APUS",3006,31,"Oct","2021","Oct_2021",c(-3614140.09325186, 671865.069221107)
25643,"3175101007","LUBANG BUAYA",317510,"DKI JAKARTA","JAKARTA TIMUR","CIPAYUNG","LUBANG BUAYA",77650,"DKI JAKARTA","JAKARTA TIMUR","CIPAYUNG","LUBANG BUAYA",5701,69,"Oct","2021","Oct_2021",c(-3614150.84573296, 674195.080706282)
25644,"3175101008","CEGER",317510,"DKI JAKARTA","JAKARTA TIMUR","CIPAYUNG","CEGER",23042,"DKI JAKARTA","JAKARTA TIMUR","CIPAYUNG","CEGER",2067,29,"Oct","2021","Oct_2021",c(-3615399.24780803, 672257.789299123)
